fetched_at,away,home,kickoff_utc,home_spread,books,source
2026-10-07T21:02:31.340816+00:00,TB,DAL,2026-10-09T00:15:00+00:00,-8.5,1,espn
2026-10-07T21:02:31.340816+00:00,PHI,JAX,2026-10-11T13:30:00+00:00,-7.0,1,espn
2026-10-07T21:02:31.340816+00:00,CHI,GB,2026-10-11T17:00:00+00:00,2.5,1,espn
2026-10-07T21:02:31.340816+00:00,HOU,TEN,2026-10-11T17:00:00+00:00,7.5,1,espn
2026-10-07T21:02:31.340816+00:00,CIN,MIA,2026-10-11T17:00:00+00:00,6.5,1,espn
2026-10-07T21:02:31.340816+00:00,LV,NE,2026-10-11T17:00:00+00:00,-3.5,1,espn
2026-10-07T21:02:31.340816+00:00,MIN,NO,2026-10-11T17:00:00+00:00,1.5,1,espn
2026-10-07T21:02:31.340816+00:00,CLE,NYJ,2026-10-11T17:00:00+00:00,-1.5,1,espn
2026-10-07T21:02:31.340816+00:00,IND,PIT,2026-10-11T17:00:00+00:00,-2.5,1,espn
2026-10-07T21:02:31.340816+00:00,NYG,WAS,2026-10-11T17:00:00+00:00,-3.5,1,espn
2026-10-07T21:02:31.340816+00:00,DEN,LAC,2026-10-11T20:05:00+00:00,3.5,1,espn
2026-10-07T21:02:31.340816+00:00,DET,ARI,2026-10-11T20:25:00+00:00,5.5,1,espn
2026-10-07T21:02:31.340816+00:00,SF,SEA,2026-10-11T20:25:00+00:00,-2.5,1,espn
2026-10-07T21:02:31.340816+00:00,BAL,ATL,2026-10-12T00:20:00+00:00,-3.5,1,espn
2026-10-07T21:02:31.340816+00:00,BUF,LA,2026-10-13T00:15:00+00:00,-3.0,1,espn
2026-10-07T23:58:51.371987+00:00,TB,DAL,2026-10-09T00:15:00+00:00,-8.5,1,espn
2026-10-07T23:58:51.371987+00:00,PHI,JAX,2026-10-11T13:30:00+00:00,-7.0,1,espn
2026-10-07T23:58:51.371987+00:00,CHI,GB,2026-10-11T17:00:00+00:00,2.5,1,espn
2026-10-07T23:58:51.371987+00:00,HOU,TEN,2026-10-11T17:00:00+00:00,7.5,1,espn
2026-10-07T23:58:51.371987+00:00,CIN,MIA,2026-10-11T17:00:00+00:00,6.5,1,espn
2026-10-07T23:58:51.371987+00:00,LV,NE,2026-10-11T17:00:00+00:00,-3.5,1,espn
2026-10-07T23:58:51.371987+00:00,MIN,NO,2026-10-11T17:00:00+00:00,1.5,1,espn
2026-10-07T23:58:51.371987+00:00,CLE,NYJ,2026-10-11T17:00:00+00:00,-1.5,1,espn
2026-10-07T23:58:51.371987+00:00,IND,PIT,2026-10-11T17:00:00+00:00,-2.5,1,espn
2026-10-07T23:58:51.371987+00:00,NYG,WAS,2026-10-11T17:00:00+00:00,-3.5,1,espn
2026-10-07T23:58:51.371987+00:00,DEN,LAC,2026-10-11T20:05:00+00:00,3.5,1,espn
2026-10-07T23:58:51.371987+00:00,DET,ARI,2026-10-11T20:25:00+00:00,5.5,1,espn
2026-10-07T23:58:51.371987+00:00,SF,SEA,2026-10-11T20:25:00+00:00,-2.5,1,espn
2026-10-07T23:58:51.371987+00:00,BAL,ATL,2026-10-12T00:20:00+00:00,-3.5,1,espn
2026-10-07T23:58:51.371987+00:00,BUF,LA,2026-10-13T00:15:00+00:00,-3.0,1,espn
2026-10-08T05:19:34.061208+00:00,TB,DAL,2026-10-09T00:15:00+00:00,-8.5,1,espn
2026-10-08T05:19:34.061208+00:00,PHI,JAX,2026-10-11T13:30:00+00:00,-7.0,1,espn
2026-10-08T05:19:34.061208+00:00,CHI,GB,2026-10-11T17:00:00+00:00,2.5,1,espn
2026-10-08T05:19:34.061208+00:00,HOU,TEN,2026-10-11T17:00:00+00:00,7.5,1,espn
2026-10-08T05:19:34.061208+00:00,CIN,MIA,2026-10-11T17:00:00+00:00,6.5,1,espn
2026-10-08T05:19:34.061208+00:00,LV,NE,2026-10-11T17:00:00+00:00,-3.5,1,espn
2026-10-08T05:19:34.061208+00:00,MIN,NO,2026-10-11T17:00:00+00:00,1.5,1,espn
2026-10-08T05:19:34.061208+00:00,CLE,NYJ,2026-10-11T17:00:00+00:00,-1.5,1,espn
2026-10-08T05:19:34.061208+00:00,IND,PIT,2026-10-11T17:00:00+00:00,-2.5,1,espn
2026-10-08T05:19:34.061208+00:00,NYG,WAS,2026-10-11T17:00:00+00:00,-3.5,1,espn
2026-10-08T05:19:34.061208+00:00,DEN,LAC,2026-10-11T20:05:00+00:00,3.5,1,espn
2026-10-08T05:19:34.061208+00:00,DET,ARI,2026-10-11T20:25:00+00:00,5.5,1,espn
2026-10-08T05:19:34.061208+00:00,SF,SEA,2026-10-11T20:25:00+00:00,-2.5,1,espn
2026-10-08T05:19:34.061208+00:00,BAL,ATL,2026-10-12T00:20:00+00:00,-3.5,1,espn
2026-10-08T05:19:34.061208+00:00,BUF,LA,2026-10-13T00:15:00+00:00,-3.0,1,espn
2026-10-08T12:39:43.590539+00:00,TB,DAL,2026-10-09T00:15:00+00:00,-8.5,1,espn
2026-10-08T12:39:43.590539+00:00,PHI,JAX,2026-10-11T13:30:00+00:00,-7.0,1,espn
2026-10-08T12:39:43.590539+00:00,CHI,GB,2026-10-11T17:00:00+00:00,1.5,1,espn
2026-10-08T12:39:43.590539+00:00,HOU,TEN,2026-10-11T17:00:00+00:00,7.5,1,espn
2026-10-08T12:39:43.590539+00:00,CIN,MIA,2026-10-11T17:00:00+00:00,6.5,1,espn
2026-10-08T12:39:43.590539+00:00,LV,NE,2026-10-11T17:00:00+00:00,-3.5,1,espn
2026-10-08T12:39:43.590539+00:00,MIN,NO,2026-10-11T17:00:00+00:00,1.5,1,espn
2026-10-08T12:39:43.590539+00:00,CLE,NYJ,2026-10-11T17:00:00+00:00,-1.5,1,espn
2026-10-08T12:39:43.590539+00:00,IND,PIT,2026-10-11T17:00:00+00:00,-2.5,1,espn
2026-10-08T12:39:43.590539+00:00,NYG,WAS,2026-10-11T17:00:00+00:00,-3.5,1,espn
2026-10-08T12:39:43.590539+00:00,DEN,LAC,2026-10-11T20:05:00+00:00,3.5,1,espn
2026-10-08T12:39:43.590539+00:00,DET,ARI,2026-10-11T20:25:00+00:00,5.5,1,espn
2026-10-08T12:39:43.590539+00:00,SF,SEA,2026-10-11T20:25:00+00:00,-3.0,1,espn
2026-10-08T12:39:43.590539+00:00,BAL,ATL,2026-10-12T00:20:00+00:00,-3.5,1,espn
2026-10-08T12:39:43.590539+00:00,BUF,LA,2026-10-13T00:15:00+00:00,-3.0,1,espn
