game_id,away,home,kickoff_utc,home_spread
2026_05_TB_DAL,TB,DAL,2026-10-09T00:15:00+00:00,-8.5
2026_05_PHI_JAX,PHI,JAX,2026-10-11T13:30:00+00:00,-7.0
2026_05_CHI_GB,CHI,GB,2026-10-11T17:00:00+00:00,2.5
2026_05_CIN_MIA,CIN,MIA,2026-10-11T17:00:00+00:00,6.5
2026_05_LV_NE,LV,NE,2026-10-11T17:00:00+00:00,-3.5
2026_05_MIN_NO,MIN,NO,2026-10-11T17:00:00+00:00,1.5
2026_05_CLE_NYJ,CLE,NYJ,2026-10-11T17:00:00+00:00,-1.5
2026_05_IND_PIT,IND,PIT,2026-10-11T17:00:00+00:00,-2.5
2026_05_HOU_TEN,HOU,TEN,2026-10-11T17:00:00+00:00,7.5
2026_05_NYG_WAS,NYG,WAS,2026-10-11T17:00:00+00:00,-3.5
2026_05_DEN_LAC,DEN,LAC,2026-10-11T20:05:00+00:00,3.5
2026_05_DET_ARI,DET,ARI,2026-10-11T20:25:00+00:00,5.5
2026_05_SF_SEA,SF,SEA,2026-10-11T20:25:00+00:00,-2.5
2026_05_BAL_ATL,BAL,ATL,2026-10-12T00:20:00+00:00,-3.5
2026_05_BUF_LA,BUF,LA,2026-10-13T00:15:00+00:00,-3.0
